{"cameraMode":{"drawMode":2,"name":"Shaded Wireframe","section":"Shading Mode"},"sceneLighting":true,"audioPlay":false,"sceneViewState":{"showFog":true,"showMaterialUpdate":true,"showSkybox":true,"showFlares":true,"showImageEffects":true,"showParticleSystems":true},"in2DMode":false,"pivot":{"x":20.535858154296876,"y":1.5857702493667603,"z":-16.482479095458986},"rotation":{"x":0.06438276171684265,"y":-0.8256489038467407,"z":0.09596773236989975,"w":0.5524195432662964},"size":2.988276243209839,"orthographic":false}